name,x0,y0,z0,x1,y1,z1
branch0,-13.25706688087901,-1.8357582405849624,0.0,-15.528019736050847,-8.171278925862742,14.4549
branch1,-13.25706688087901,-1.8357582405849624,0.0,-10.986114025707177,4.499762444692817,5.15492
branch2,-15.528019736050847,-8.171278925862742,14.4549,-14.49818521713261,-2.606829571267565,34.7156
branch3,-15.528019736050847,-8.171278925862742,14.4549,-17.466235397037817,-16.26993655456903,21.2773
branch4,-10.986114025707177,4.499762444692817,5.15492,-1.6408417570719829,16.17915422857995,30.85492
branch5,-10.986114025707177,4.499762444692817,5.15492,-19.42300515227364,-4.6454210650832035,52.047219999999996
branch6,-14.49818521713261,-2.606829571267565,34.7156,-10.769247663014838,-5.088186865094962,37.764900000000004
branch7,-14.49818521713261,-2.606829571267565,34.7156,-17.815188963683088,2.1003074643979036,53.0064
branch8,-17.466235397037817,-16.26993655456903,21.2773,-9.718611280218676,-19.92059547621835,73.7549
branch9,-17.466235397037817,-16.26993655456903,21.2773,-24.43962095488792,-16.58887246873209,37.7549
branch10,-1.6408417570719829,16.17915422857995,30.85492,-13.213662135225954,27.533207650579886,53.054919999999996
branch11,-1.6408417570719829,16.17915422857995,30.85492,13.670087528536067,9.496857520134867,44.93492
branch12,-19.42300515227364,-4.6454210650832035,52.047219999999996,-20.392865586720077,-6.94573622584252,66.68412
branch13,-19.42300515227364,-4.6454210650832035,52.047219999999996,-21.827901168453785,-6.003179308234296,58.79732
branch14,-10.769247663014838,-5.088186865094962,37.764900000000004,-6.930295003252622,-8.246112282171394,73.7549
branch15,-10.769247663014838,-5.088186865094962,37.764900000000004,-13.116625301129941,-2.9228043655494904,49.969500000000004
branch16,-17.815188963683088,2.1003074643979036,53.0064,-26.97668811169095,6.943763823454625,73.75489999999999
branch17,-17.815188963683088,2.1003074643979036,53.0064,-11.812791143896984,0.10839719141871362,57.18326
branch18,-24.43962095488792,-16.58887246873209,37.7549,-24.443541079288252,-15.402754098651299,37.8149
branch19,-24.43962095488792,-16.58887246873209,37.7549,-27.22505505362764,-17.90256520447811,38.96386
branch20,-13.213662135225954,27.533207650579886,53.054919999999996,-13.061236743361047,30.394039240205313,56.75492
branch21,-13.213662135225954,27.533207650579886,53.054919999999996,-17.995215678352448,29.21399742975443,54.15492
branch22,13.670087528536067,9.496857520134867,44.93492,16.269187098930864,23.550972312641196,54.297779999999996
branch23,13.670087528536067,9.496857520134867,44.93492,17.19535967238449,-7.2301759557494965,55.999919999999996
branch24,-20.392865586720077,-6.94573622584252,66.68412,-18.58775501821599,-8.177598646204764,73.75496999999999
branch25,-20.392865586720077,-6.94573622584252,66.68412,-19.191292025401722,-8.915545033098354,68.39397
branch26,-20.392865586720077,-6.94573622584252,66.68412,-31.3154238153366,8.28083047037669,73.75496999999999
branch27,-20.392865586720077,-6.94573622584252,66.68412,-13.747245312702026,-20.778494653389004,73.75496999999999
branch28,-21.827901168453785,-6.003179308234296,58.79732,-31.11100570604173,8.09326024870443,73.75492
branch29,-21.827901168453785,-6.003179308234296,58.79732,-13.747244638955916,-20.77849798674857,73.75492
branch30,-6.930295003252622,-8.246112282171394,73.7549,-7.642648496839439,-13.742316746203777,73.7549
branch31,-6.930295003252622,-8.246112282171394,73.7549,-4.298465179784695,-4.328870526677225,73.7549
branch32,-13.116625301129941,-2.9228043655494904,49.969500000000004,-16.898800468081948,2.510965111659722,63.6049
branch33,-13.116625301129941,-2.9228043655494904,49.969500000000004,-10.273401189423979,-7.490420842940513,73.7549
branch34,-11.812791143896984,0.10839719141871362,57.18326,-13.029296661836687,-1.8306721222009534,71.51786
branch35,-11.812791143896984,0.10839719141871362,57.18326,-8.195326498042839,1.2507023958467045,68.57946
branch36,-24.443541079288252,-15.402754098651299,37.8149,-21.09100348107396,-13.414886249037869,50.5591
branch37,-24.443541079288252,-15.402754098651299,37.8149,-27.79764672726267,-16.91617460023241,39.54471
branch38,-27.22505505362764,-17.90256520447811,38.96386,-23.396006233049853,-18.21229626944508,73.75486
branch39,-27.22505505362764,-17.90256520447811,38.96386,-31.402467749585746,-18.18025744680293,47.768809999999995
branch40,-13.061236743361047,30.394039240205313,56.75492,-13.459191063610152,25.076442762552205,63.13992
branch41,-13.061236743361047,30.394039240205313,56.75492,-12.602312266365978,36.85596835370859,65.74992
branch42,-17.995215678352448,29.21399742975443,54.15492,-16.829543058994155,30.39259769266758,55.87144
branch43,-17.995215678352448,29.21399742975443,54.15492,-21.07350971496134,28.707713078511098,59.493669999999995
branch44,16.269187098930864,23.550972312641196,54.297779999999996,21.009996714133397,32.18683156731419,65.22178
branch45,16.269187098930864,23.550972312641196,54.297779999999996,12.568017311886257,20.536758974970738,58.554919999999996
branch46,17.19535967238449,-7.2301759557494965,55.999919999999996,26.159913022282822,1.9601256258967712,61.42775999999999
branch47,17.19535967238449,-7.2301759557494965,55.999919999999996,9.640915180025527,-23.11129092774951,60.96836999999999
branch48,-19.191292025401722,-8.915545033098354,68.39397,-20.042370991197465,-7.616078653639965,73.75497
branch49,-19.191292025401722,-8.915545033098354,68.39397,-17.739426278946794,-11.199915816184657,73.75497
branch50,-16.898800468081948,2.510965111659722,63.6049,-14.8648862857177,3.8819838122837096,73.7549
branch51,-16.898800468081948,2.510965111659722,63.6049,-20.03880188075415,3.5876579420442165,70.6381
branch52,-10.273401189423979,-7.490420842940513,73.7549,-9.009953312064985,-8.987503817071051,73.7549
branch53,-10.273401189423979,-7.490420842940513,73.7549,-10.11523701092999,-8.277146107505489,73.7549
branch54,-13.029296661836687,-1.8306721222009534,71.51786,-13.104839228516491,-2.61001531844604,73.75486
branch55,-13.029296661836687,-1.8306721222009534,71.51786,-13.562006854126734,-2.0208635827657,73.75486
branch56,-8.195326498042839,1.2507023958467045,68.57946,-7.0004878465325895,1.9979681251211097,73.75491
branch57,-8.195326498042839,1.2507023958467045,68.57946,-7.581432826626015,1.074589268786295,73.75491
branch58,-21.09100348107396,-13.414886249037869,50.5591,-18.54971473810084,-19.688678002337657,51.31075
branch59,-21.09100348107396,-13.414886249037869,50.5591,-22.591345610683224,-4.57871263260642,73.75489999999999
branch60,-27.79764672726267,-16.91617460023241,39.54471,-37.0467336371256,-1.485027771656187,41.0159
branch61,-27.79764672726267,-16.91617460023241,39.54471,-19.890202076589514,-32.952689629441075,58.46691
branch62,-31.402467749585746,-18.18025744680293,47.768809999999995,-35.08514551983005,-16.84117477305216,71.30511
branch63,-31.402467749585746,-18.18025744680293,47.768809999999995,-29.390755057724697,-19.630417017483627,54.024899999999995
branch64,-13.459191063610152,25.076442762552205,63.13992,-6.395119305266885,23.61942927699994,73.75492
branch65,-13.459191063610152,25.076442762552205,63.13992,-19.269630198384412,24.115014959932772,67.2414
branch66,-12.602312266365978,36.85596835370859,65.74992,-11.20028982083464,36.52062594349134,70.42512
branch67,-12.602312266365978,36.85596835370859,65.74992,-13.820764921099286,39.77608240932715,65.74992
branch68,-16.829543058994155,30.39259769266758,55.87144,-15.867827987860084,27.16114006484314,57.35492
branch69,-16.829543058994155,30.39259769266758,55.87144,-17.32498908238491,34.095495425657276,58.35492
branch70,-21.07350971496134,28.707713078511098,59.493669999999995,-19.98248731287106,23.61497907170926,62.50491999999999
branch71,-21.07350971496134,28.707713078511098,59.493669999999995,-23.39584973169517,33.597933344815594,69.65496999999999
branch72,21.009996714133397,32.18683156731419,65.22178,21.911729730099147,34.884544082390335,71.08937
branch73,21.009996714133397,32.18683156731419,65.22178,22.004587544248658,32.94346275410724,65.22178
branch74,12.568017311886257,20.536758974970738,58.554919999999996,10.861699720904808,23.655457781517587,65.15491999999999
branch75,12.568017311886257,20.536758974970738,58.554919999999996,12.79386698804986,16.212374833355707,69.64492
branch76,26.159913022282822,1.9601256258967712,61.42775999999999,25.306662236448275,-2.564102255599522,63.90491999999999
branch77,26.159913022282822,1.9601256258967712,61.42775999999999,30.5989851480767,10.160474140051573,63.30091999999999
branch78,9.640915180025527,-23.11129092774951,60.96836999999999,10.405745565700514,-32.28445677481953,63.646089999999994
branch79,9.640915180025527,-23.11129092774951,60.96836999999999,5.854306997406953,-20.290571069479498,63.399919999999995
branch80,-20.03880188075415,3.5876579420442165,70.6381,-21.712690413098134,4.264062557927559,72.5298
branch81,-20.03880188075415,3.5876579420442165,70.6381,-19.516441921660267,3.2804985873822847,73.75489999999999
branch82,-18.54971473810084,-19.688678002337657,51.31075,-17.888238422924307,-24.929789842447,56.32487
branch83,-18.54971473810084,-19.688678002337657,51.31075,-18.10591576058494,-16.274184078850865,73.75485
branch84,-37.0467336371256,-1.485027771656187,41.0159,-39.298131324402675,8.458511664014008,73.75489999999999
branch85,-37.0467336371256,-1.485027771656187,41.0159,-38.49497071379368,-5.256108475895892,48.7999
branch86,-19.890202076589514,-32.952689629441075,58.46691,-22.398805393801556,-35.70656923594029,64.79608999999999
branch87,-19.890202076589514,-32.952689629441075,58.46691,-15.892206403863918,-35.855429984278885,64.39091
branch88,-19.890202076589514,-32.952689629441075,58.46691,-23.71744374339577,-38.11999066436621,73.75491
branch89,-19.890202076589514,-32.952689629441075,58.46691,-13.857892675338896,-36.83033362066752,73.75491
branch90,-19.890202076589514,-32.952689629441075,58.46691,-25.752296424536,-34.332367680530886,73.75491
branch91,-19.890202076589514,-32.952689629441075,58.46691,-15.993126721572926,-34.69383750075454,73.75491
branch92,-19.890202076589514,-32.952689629441075,58.46691,-13.00580959709256,-40.11191879303434,73.75491
branch93,-19.890202076589514,-32.952689629441075,58.46691,-13.061494440646564,-38.62994462403898,73.75491
branch94,-35.08514551983005,-16.84117477305216,71.30511,-35.62631386105964,-16.58540549660457,73.75485
branch95,-35.08514551983005,-16.84117477305216,71.30511,-37.08839173157144,-17.121182825671248,73.75485
branch96,-35.08514551983005,-16.84117477305216,71.30511,-35.30273929454227,-15.812623991567577,73.75485
branch97,-29.390755057724697,-19.630417017483627,54.024899999999995,-26.171518826930374,-17.152654159418972,63.794459999999994
branch98,-29.390755057724697,-19.630417017483627,54.024899999999995,-31.8053062117746,-22.68824370382056,60.875119999999995
branch99,-19.269630198384412,24.115014959932772,67.2414,-28.207191758370445,22.053283967968255,67.2414
branch100,-19.269630198384412,24.115014959932772,67.2414,-11.00289781578899,26.2114647985787,73.75492
branch101,-11.20028982083464,36.52062594349134,70.42512,-10.293540370203203,37.57782076091063,73.75492000000001
branch102,-11.20028982083464,36.52062594349134,70.42512,-11.40602804870041,35.29575992096341,73.75492000000001
branch103,-13.820764921099286,39.77608240932715,65.74992,-16.40300781141397,39.608515946115034,70.61564
branch104,-13.820764921099286,39.77608240932715,65.74992,-11.725903092677925,41.11169449478669,70.15212
branch105,-15.867827987860084,27.16114006484314,57.35492,-20.374874224432304,27.673646155525347,68.95262
branch106,-15.867827987860084,27.16114006484314,57.35492,-10.976095722834238,25.356050923031155,59.00328
branch107,-17.32498908238491,34.095495425657276,58.35492,-4.904815364836552,39.76913585965586,67.57492
branch108,-17.32498908238491,34.095495425657276,58.35492,-29.943341209289564,29.903014084854576,70.55992
branch109,-19.98248731287106,23.61497907170926,62.50491999999999,-20.713369516168324,21.251050327152093,68.68491999999999
branch110,-19.98248731287106,23.61497907170926,62.50491999999999,-18.815196148737687,23.9418142135457,64.13991999999999
branch111,-23.39584973169517,33.597933344815594,69.65496999999999,-24.763100698647747,34.52822363731796,70.06737
branch112,-23.39584973169517,33.597933344815594,69.65496999999999,-22.84795603137136,34.880180612339885,73.75496999999999
branch113,21.911729730099147,34.884544082390335,71.08937,22.11701700331726,34.38967139602718,73.75496
branch114,21.911729730099147,34.884544082390335,71.08937,22.07407544855613,35.45369583067356,73.75496
branch115,21.911729730099147,34.884544082390335,71.08937,22.17877974224448,36.19626080896838,73.75496
branch116,21.911729730099147,34.884544082390335,71.08937,22.17877974224444,36.196260808968375,73.75496
branch117,22.004587544248658,32.94346275410724,65.22178,19.865754224423362,34.186173081487,66.34595999999999
branch118,22.004587544248658,32.94346275410724,65.22178,24.541257196120064,32.003404901444696,72.10540999999999
branch119,10.861699720904808,23.655457781517587,65.15491999999999,8.815858228255419,20.132373553060944,71.48597
branch120,10.861699720904808,23.655457781517587,65.15491999999999,12.225014177161619,28.42602153259297,67.35491999999999
branch121,12.79386698804986,16.212374833355707,69.64492,14.194919847900524,17.909033205411216,73.75492
branch122,12.79386698804986,16.212374833355707,69.64492,11.505738966281,12.353524390492677,73.75492
branch123,25.306662236448275,-2.564102255599522,63.90491999999999,23.622755839799773,-7.194448532760785,64.89549999999998
branch124,25.306662236448275,-2.564102255599522,63.90491999999999,26.98491983934162,0.96171665010391,73.75491999999998
branch125,30.5989851480767,10.160474140051573,63.30091999999999,29.422443407046543,15.485921181836828,66.25491999999998
branch126,30.5989851480767,10.160474140051573,63.30091999999999,33.55115573942441,8.11516650392824,67.56107999999999
branch127,10.405745565700514,-32.28445677481953,63.646089999999994,11.021359338131488,-31.931238857273403,63.646089999999994
branch128,10.405745565700514,-32.28445677481953,63.646089999999994,10.096063947539534,-36.30694103119367,66.49492
branch129,5.854306997406953,-20.290571069479498,63.399919999999995,4.139902583034271,-21.879209470094793,66.25663
branch130,5.854306997406953,-20.290571069479498,63.399919999999995,6.054068138732207,-17.573644725556196,68.17926999999999
branch131,-21.712690413098134,4.264062557927559,72.5298,-22.01963733661439,4.113903901495016,72.71498
branch132,-21.712690413098134,4.264062557927559,72.5298,-22.165951024874797,4.78996318640991,73.75489999999999
branch133,-17.888238422924307,-24.929789842447,56.32487,-8.565789118515944,-41.11843545674241,73.75487
branch134,-17.888238422924307,-24.929789842447,56.32487,-25.081607340380387,-14.075318087054406,66.33827
branch135,-39.298131324402675,8.458511664014008,73.75489999999999,-40.06409595126211,10.849839425344369,73.75489999999999
branch136,-39.298131324402675,8.458511664014008,73.75489999999999,-38.71975894140931,10.14647086366532,73.75489999999999
branch137,-39.298131324402675,8.458511664014008,73.75489999999999,-40.79908734599443,11.836879279784975,73.75489999999999
branch138,-38.49497071379368,-5.256108475895892,48.7999,-36.75793579470919,-11.881056309109086,57.5722
branch139,-38.49497071379368,-5.256108475895892,48.7999,-40.8113004635454,-0.13959292437858006,57.823260000000005
branch140,-22.398805393801556,-35.70656923594029,64.79608999999999,-24.297551553479057,-35.09856994923633,65.47037999999999
branch141,-22.398805393801556,-35.70656923594029,64.79608999999999,-21.50350056100887,-37.416120365243934,64.79608999999999
branch142,-15.892206403863918,-35.855429984278885,64.39091,-16.00628974348549,-34.27374025096234,69.48787
branch143,-15.892206403863918,-35.855429984278885,64.39091,-13.750604392974155,-39.28391232834348,73.75491000000001
branch144,-26.171518826930374,-17.152654159418972,63.794459999999994,-29.165988918260695,-11.947711473198549,64.83715
branch145,-26.171518826930374,-17.152654159418972,63.794459999999994,-20.81881309737031,-22.41995108816218,73.75489999999999
branch146,-31.8053062117746,-22.68824370382056,60.875119999999995,-33.938500493361005,-22.62477799637928,60.875119999999995
branch147,-31.8053062117746,-22.68824370382056,60.875119999999995,-30.364313973365675,-22.528038773744928,73.75492
branch148,-31.8053062117746,-22.68824370382056,60.875119999999995,-33.08441233040979,-24.35040437847924,73.75492
branch149,-31.8053062117746,-22.68824370382056,60.875119999999995,-33.084412330409805,-24.350404378479297,73.75492
branch150,-31.8053062117746,-22.68824370382056,60.875119999999995,-30.3643139733698,-22.52803877372711,73.75492
branch151,-31.8053062117746,-22.68824370382056,60.875119999999995,-33.08441233040974,-24.350404378479237,73.75492
branch152,-28.207191758370445,22.053283967968255,67.2414,-32.581127879873605,20.923243980586868,73.75492
branch153,-28.207191758370445,22.053283967968255,67.2414,-28.3020364168603,22.15245845936738,73.75492
branch154,-16.40300781141397,39.608515946115034,70.61564,-16.80292310831042,40.07723305986285,72.81757
branch155,-16.40300781141397,39.608515946115034,70.61564,-15.513420030932153,39.46705367110127,70.69826
branch156,-16.40300781141397,39.608515946115034,70.61564,-18.95178058363169,39.073772550288375,73.75492
branch157,-11.725903092677925,41.11169449478669,70.15212,-12.232711623640249,42.114342675691,73.75492
branch158,-11.725903092677925,41.11169449478669,70.15212,-10.17166364750492,40.77685235661217,73.75492
branch159,-20.374874224432304,27.673646155525347,68.95262,-19.64708523695376,29.341300595147317,69.61437
branch160,-20.374874224432304,27.673646155525347,68.95262,-23.068518477279977,26.98157529699151,73.75487
branch161,-20.374874224432304,27.673646155525347,68.95262,-23.068518477390437,26.98157529698293,73.75487
branch162,-20.374874224432304,27.673646155525347,68.95262,-20.404368189546883,27.485725913756333,73.75487
branch163,-10.976095722834238,25.356050923031155,59.00328,-14.16241321207392,27.452458520226557,60.7459
branch164,-10.976095722834238,25.356050923031155,59.00328,-5.8330853275842145,22.537607669110955,66.75408
branch165,-4.904815364836552,39.76913585965586,67.57492,-1.6044793107350293,41.5407580053848,71.46285
branch166,-4.904815364836552,39.76913585965586,67.57492,-3.237081931918731,40.26696988752635,70.61492000000001
branch167,-29.943341209289564,29.903014084854576,70.55992,-33.60277748959249,27.665283873028354,73.59492
branch168,-29.943341209289564,29.903014084854576,70.55992,-31.83870435492891,29.581610084446005,72.65492
branch169,-29.943341209289564,29.903014084854576,70.55992,-32.504787581192616,29.305470672149763,73.75492
branch170,-29.943341209289564,29.903014084854576,70.55992,-32.87814964192094,28.85063528018373,73.75492
branch171,-29.943341209289564,29.903014084854576,70.55992,-31.61638200708112,31.0963586869756,73.75492
branch172,-29.943341209289564,29.903014084854576,70.55992,-33.79644141448993,28.747165091998696,73.75492
branch173,-29.943341209289564,29.903014084854576,70.55992,-34.05956234141855,27.377516111853843,73.75492
branch174,-20.713369516168324,21.251050327152093,68.68491999999999,-21.39566696016441,19.859323806781227,73.75492
branch175,-20.713369516168324,21.251050327152093,68.68491999999999,-19.34058874113125,21.10143553987988,71.12311999999999
branch176,-20.713369516168324,21.251050327152093,68.68491999999999,-22.29520969344152,21.05684877319533,73.75492
branch177,-18.815196148737687,23.9418142135457,64.13991999999999,-27.23910566108089,19.022778690941607,73.75491999999998
branch178,-18.815196148737687,23.9418142135457,64.13991999999999,-9.8076410543278,29.02426730706801,73.75491999999998
branch179,-24.763100698647747,34.52822363731796,70.06737,-24.74516405489456,34.203839031943936,73.75497
branch180,-24.763100698647747,34.52822363731796,70.06737,-25.46466282587722,35.31775338894315,73.75497
branch181,19.865754224423362,34.186173081487,66.34595999999999,20.085815536219837,31.77999108046312,73.75496
branch182,19.865754224423362,34.186173081487,66.34595999999999,18.834171847056066,36.60820281325801,69.69595999999999
branch183,24.541257196120064,32.003404901444696,72.10540999999999,24.64102731009715,31.93696896794117,72.40793
branch184,24.541257196120064,32.003404901444696,72.10540999999999,25.6848793795844,31.61642089199284,73.75496
branch185,8.815858228255419,20.132373553060944,71.48597,7.955180574725825,17.92166067301008,73.75492
branch186,8.815858228255419,20.132373553060944,71.48597,8.69701567777422,20.76590226829284,73.75492
branch187,8.815858228255419,20.132373553060944,71.48597,7.86837948965068,17.552944771810974,73.75492
branch188,8.815858228255419,20.132373553060944,71.48597,8.697015678221556,20.765902270673227,73.75492
branch189,12.225014177161619,28.42602153259297,67.35491999999999,11.135988293457576,29.540440807227256,72.36543999999999
branch190,12.225014177161619,28.42602153259297,67.35491999999999,13.859365843368387,29.21982775838884,71.35682
branch191,23.622755839799773,-7.194448532760785,64.89549999999998,30.043635968719485,-12.471525199879082,67.09364999999998
branch192,23.622755839799773,-7.194448532760785,64.89549999999998,16.52831315222066,-3.769510376506995,69.84896999999998
branch193,29.422443407046543,15.485921181836828,66.25491999999998,33.49135058273799,19.088476597428098,69.18098999999998
branch194,29.422443407046543,15.485921181836828,66.25491999999998,24.882919534943028,14.013544582959657,69.02121999999999
branch195,33.55115573942441,8.11516650392824,67.56107999999999,27.45889745923238,8.152582881300425,73.75491999999998
branch196,33.55115573942441,8.11516650392824,67.56107999999999,36.504194622454996,9.555237628589001,69.25769999999999
branch197,33.55115573942441,8.11516650392824,67.56107999999999,36.451987649850416,7.937613089891735,73.75491999999998
branch198,33.55115573942441,8.11516650392824,67.56107999999999,36.00345409674992,4.40990699864327,73.75491999999998
branch199,11.021359338131488,-31.931238857273403,63.646089999999994,12.02449720922621,-32.5609728479822,70.96515
branch200,11.021359338131488,-31.931238857273403,63.646089999999994,10.264466976009153,-31.160217699546152,65.28992
branch201,10.096063947539534,-36.30694103119367,66.49492,10.882112418123507,-37.48408585529186,66.62420999999999
branch202,10.096063947539534,-36.30694103119367,66.49492,9.186142829691168,-36.73878990964514,70.15491999999999
branch203,4.139902583034271,-21.879209470094793,66.25663,5.854498122632745,-11.568399975760064,73.75492
branch204,4.139902583034271,-21.879209470094793,66.25663,1.5681048362494552,-32.98433816473717,73.75492
branch205,6.054068138732207,-17.573644725556196,68.17926999999999,7.056648452804549,-2.946524862283505,73.75491999999998
branch206,6.054068138732207,-17.573644725556196,68.17926999999999,5.559395961619882,-36.881631513142366,69.89491999999998
branch207,6.054068138732207,-17.573644725556196,68.17926999999999,5.81964890204421,-6.028086346403695,73.75491999999998
branch208,-22.01963733661439,4.113903901495016,72.71498,-21.97640977123401,3.979180582154195,73.75489999999999
branch209,-22.01963733661439,4.113903901495016,72.71498,-22.216338363752904,4.173547892619565,73.75489999999999
branch210,-25.081607340380387,-14.075318087054406,66.33827,-27.596432252272088,-10.968304185560404,68.33281
branch211,-25.081607340380387,-14.075318087054406,66.33827,-25.444129995471126,-12.840543286391373,71.66933999999999
branch212,-36.75793579470919,-11.881056309109086,57.5722,-34.432549368223256,-8.299880054098502,60.793260000000004
branch213,-36.75793579470919,-11.881056309109086,57.5722,-38.79615136827437,-19.67000054447891,73.7549
branch214,-40.8113004635454,-0.13959292437858006,57.823260000000005,-40.23741966397337,2.8745999316080066,72.80586000000001
branch215,-40.8113004635454,-0.13959292437858006,57.823260000000005,-42.311713163018126,-1.1071795597582421,64.0549
branch216,-24.297551553479057,-35.09856994923633,65.47037999999999,-23.93833870660117,-37.110521962200686,65.47037999999999
branch217,-24.297551553479057,-35.09856994923633,65.47037999999999,-25.416262864227935,-32.84341822159038,69.49595
branch218,-21.50350056100887,-37.416120365243934,64.79608999999999,-25.4069339243611,-35.4110454006163,69.38065999999999
branch219,-21.50350056100887,-37.416120365243934,64.79608999999999,-17.241945264539567,-40.10501578159302,72.91150999999999
branch220,-16.00628974348549,-34.27374025096234,69.48787,-16.753877379603132,-34.048229485284786,69.48787
branch221,-16.00628974348549,-34.27374025096234,69.48787,-15.128846868149228,-33.764783841401005,73.75491
branch222,-29.165988918260695,-11.947711473198549,64.83715,-24.730720667740567,-24.19837526298051,73.75489999999999
branch223,-29.165988918260695,-11.947711473198549,64.83715,-35.098492214445976,2.905423659693625,73.75489999999999
branch224,-33.938500493361005,-22.62477799637928,60.875119999999995,-35.17013105938702,-23.236454031699058,60.875119999999995
branch225,-33.938500493361005,-22.62477799637928,60.875119999999995,-33.465559426621674,-21.828450098508917,73.75492
branch226,-16.80292310831042,40.07723305986285,72.81757,-16.91295730610229,39.67791869087253,73.75492
branch227,-16.80292310831042,40.07723305986285,72.81757,-16.892846558966777,40.71090598572707,73.75492
branch228,-15.513420030932153,39.46705367110127,70.69826,-16.828554500892437,39.12402931277521,70.69826
branch229,-15.513420030932153,39.46705367110127,70.69826,-13.424708053240892,39.82510298150194,73.75492
branch230,-19.64708523695376,29.341300595147317,69.61437,-20.522478948999424,30.16527730156254,69.71486999999999
branch231,-19.64708523695376,29.341300595147317,69.61437,-18.18894860315741,29.14515693193928,73.75487
branch232,-14.16241321207392,27.452458520226557,60.7459,-13.142291604157194,24.688963328521456,61.92516
branch233,-14.16241321207392,27.452458520226557,60.7459,-16.457061815686522,31.054516750809817,73.2606
branch234,-5.8330853275842145,22.537607669110955,66.75408,-3.39965357270655,26.256882923543024,73.75492
branch235,-5.8330853275842145,22.537607669110955,66.75408,-5.7226265733863375,18.434810163997216,68.37126
branch236,-1.6044793107350293,41.5407580053848,71.46285,0.6854111266898941,41.33799225356513,73.23902
branch237,-1.6044793107350293,41.5407580053848,71.46285,-0.020297705278545,42.150707565421165,73.75492
branch238,-1.6044793107350293,41.5407580053848,71.46285,-3.575771922396525,42.51298224441973,73.75492
branch239,-3.237081931918731,40.26696988752635,70.61492000000001,-2.218037303130345,41.41591173918865,73.75492000000001
branch240,-3.237081931918731,40.26696988752635,70.61492000000001,-3.6226149172280326,41.559251868827886,71.51929000000001
branch241,-3.237081931918731,40.26696988752635,70.61492000000001,-2.523410254382125,37.87605108014001,73.75492000000001
branch242,-33.60277748959249,27.665283873028354,73.59492,-34.666563843075096,27.03666027765432,73.75492
branch243,-33.60277748959249,27.665283873028354,73.59492,-34.36870927626134,27.175042362489272,73.75492
branch244,-31.83870435492891,29.581610084446005,72.65492,-32.636605610919105,29.050647447097283,73.75492
branch245,-31.83870435492891,29.581610084446005,72.65492,-31.98848467175839,29.95187072159044,73.75492
branch246,-19.34058874113125,21.10143553987988,71.12311999999999,-18.621448963529662,21.22228202062878,71.12311999999999
branch247,-19.34058874113125,21.10143553987988,71.12311999999999,-19.553123075614696,20.87557004530765,73.75491999999998
branch248,18.834171847056066,36.60820281325801,69.69595999999999,24.71979935354064,34.61470838857604,73.75495999999998
branch249,18.834171847056066,36.60820281325801,69.69595999999999,15.967905497921164,38.74796455332348,73.75495999999998
branch250,18.834171847056066,36.60820281325801,69.69595999999999,15.902569323044291,37.597646821351965,73.75495999999998
branch251,18.834171847056066,36.60820281325801,69.69595999999999,17.8165088980732,38.42999804836338,73.75495999999998
branch252,18.834171847056066,36.60820281325801,69.69595999999999,18.546512922204748,36.664227298162785,70.42699999999998
branch253,24.64102731009715,31.93696896794117,72.40793,23.821544215837562,31.310604643137403,73.27496
branch254,24.64102731009715,31.93696896794117,72.40793,25.715266234910175,32.68670640719411,73.75496
branch255,11.135988293457576,29.540440807227256,72.36543999999999,11.378275672267971,33.86617403195726,73.75492
branch256,11.135988293457576,29.540440807227256,72.36543999999999,10.734021740798346,25.038557557267143,73.75492
branch257,11.135988293457576,29.540440807227256,72.36543999999999,10.478898054528376,30.552405288433075,73.75492
branch258,13.859365843368387,29.21982775838884,71.35682,14.013562261988325,32.00307076489848,73.75492
branch259,13.859365843368387,29.21982775838884,71.35682,14.1453761948197,28.738149397321976,72.72439
branch260,13.859365843368387,29.21982775838884,71.35682,14.57342023508938,27.634037372559668,73.75492
branch261,30.043635968719485,-12.471525199879082,67.09364999999998,28.52246623253059,-10.895280489900129,67.94223999999998
branch262,30.043635968719485,-12.471525199879082,67.09364999999998,34.133157756476265,-16.158600576705354,67.28339999999999
branch263,16.52831315222066,-3.769510376506995,69.84896999999998,15.11949045242192,-3.4292983768670395,73.75491999999998
branch264,16.52831315222066,-3.769510376506995,69.84896999999998,14.389914508229843,-2.397253298020055,73.75491999999998
branch265,33.49135058273799,19.088476597428098,69.18098999999998,33.29231415654772,21.546143830378092,69.23491999999997
branch266,33.49135058273799,19.088476597428098,69.18098999999998,35.31794987920483,18.07183153071461,72.75361999999998
branch267,24.882919534943028,14.013544582959657,69.02121999999999,22.83173617414812,11.612737421656584,70.87891999999998
branch268,24.882919534943028,14.013544582959657,69.02121999999999,25.118293346896532,15.82540110471186,70.42491999999999
branch269,36.504194622454996,9.555237628589001,69.25769999999999,37.850909042631855,7.443619882436666,69.54649999999998
branch270,36.504194622454996,9.555237628589001,69.25769999999999,36.33869575549037,12.242883824605643,70.20008999999999
branch271,12.02449720922621,-32.5609728479822,70.96515,13.230501536360933,-31.375284480274672,71.51227
branch272,12.02449720922621,-32.5609728479822,70.96515,11.018560735855164,-34.357950302971005,73.75492
branch273,10.264466976009153,-31.160217699546152,65.28992,8.13322954752541,-24.22563915462446,67.78482
branch274,10.264466976009153,-31.160217699546152,65.28992,12.092947459643964,-37.786387781376945,67.14192
branch275,10.882112418123507,-37.48408585529186,66.62420999999999,5.394303116626012,-38.67335345753131,71.53916
branch276,10.882112418123507,-37.48408585529186,66.62420999999999,16.68434110785459,-36.765676182691685,71.34491999999999
branch277,9.186142829691168,-36.73878990964514,70.15491999999999,8.01646747686599,-37.79156005987478,73.75491999999998
branch278,9.186142829691168,-36.73878990964514,70.15491999999999,9.757914664811961,-36.06931334084202,71.56491999999999
branch279,5.559395961619882,-36.881631513142366,69.89491999999998,7.60668631488514,-42.393935207693815,73.75491999999998
branch280,5.559395961619882,-36.881631513142366,69.89491999999998,3.26476951979846,-41.023321212384,73.75491999999998
branch281,-27.596432252272088,-10.968304185560404,68.33281,-28.640095617860982,-13.52730330914719,73.75488999999999
branch282,-27.596432252272088,-10.968304185560404,68.33281,-27.767431524557644,-7.678299326093375,71.78284
branch283,-25.444129995471126,-12.840543286391373,71.66933999999999,-25.56819842462025,-11.856916213024846,73.75488999999999
branch284,-25.444129995471126,-12.840543286391373,71.66933999999999,-25.501322893867368,-13.20678295942638,73.75488999999999
branch285,-34.432549368223256,-8.299880054098502,60.793260000000004,-33.243267234699545,-4.083522379111747,60.793260000000004
branch286,-34.432549368223256,-8.299880054098502,60.793260000000004,-34.75645882188492,-11.779739020326655,73.75486000000001
branch287,-40.23741966397337,2.8745999316080066,72.80586000000001,-40.84229579988211,4.203401778894031,73.75486000000001
branch288,-40.23741966397337,2.8745999316080066,72.80586000000001,-39.3456031282786,3.052894512315275,73.75486000000001
branch289,-42.311713163018126,-1.1071795597582421,64.0549,-42.09528555952143,-4.205225322382293,65.8549
branch290,-42.311713163018126,-1.1071795597582421,64.0549,-43.1283058463039,1.6038315487139438,66.6409
branch291,-23.93833870660117,-37.110521962200686,65.47037999999999,-25.649679831800583,-36.59165321838178,72.10095999999999
branch292,-23.93833870660117,-37.110521962200686,65.47037999999999,-21.619555876662965,-38.765083898456496,73.75491
branch293,-25.416262864227935,-32.84341822159038,69.49595,-24.039709066147616,-33.5899148888722,70.83990999999999
branch294,-25.416262864227935,-32.84341822159038,69.49595,-27.69631076720277,-30.78272152366513,73.75491
branch295,-25.4069339243611,-35.4110454006163,69.38065999999999,-24.453883465933966,-35.73791281414128,70.70720999999999
branch296,-25.4069339243611,-35.4110454006163,69.38065999999999,-28.549963679071126,-33.99992365139626,73.75491
branch297,-17.241945264539567,-40.10501578159302,72.91150999999999,-16.412052119049164,-40.96823788391353,73.75491
branch298,-17.241945264539567,-40.10501578159302,72.91150999999999,-15.94106076179532,-40.58624138744704,73.75491
branch299,-16.753877379603132,-34.048229485284786,69.48787,-16.601548936701622,-34.47907087843885,73.75491
branch300,-16.753877379603132,-34.048229485284786,69.48787,-17.279999640563453,-33.50463270929194,73.75491
branch301,-35.17013105938702,-23.236454031699058,60.875119999999995,-35.42870749369627,-22.68781947476132,73.75492
branch302,-35.17013105938702,-23.236454031699058,60.875119999999995,-35.52736990809077,-24.090926606296684,73.75492
branch303,-16.828554500892437,39.12402931277521,70.69826,-17.24659961611436,39.70546256434254,70.79592000000001
branch304,-16.828554500892437,39.12402931277521,70.69826,-16.963565341845168,38.22572556915301,73.75492
branch305,-20.522478948999424,30.16527730156254,69.71486999999999,-22.284577552273642,30.220156907088846,70.85032999999999
branch306,-20.522478948999424,30.16527730156254,69.71486999999999,-18.757552550929475,30.50866614786226,73.75487
branch307,-13.142291604157194,24.688963328521456,61.92516,-11.20231446382968,19.157992042641325,73.75496
branch308,-13.142291604157194,24.688963328521456,61.92516,-14.286224673252512,28.008342280543523,72.30526
branch309,-16.457061815686522,31.054516750809817,73.2606,-36.23318805374593,20.58665030417077,73.75488
branch310,-16.457061815686522,31.054516750809817,73.2606,2.17174012056658,43.32341231274049,73.75488
branch311,-5.7226265733863375,18.434810163997216,68.37126,-6.575711208721355,16.4977095269641,73.75492000000001
branch312,-5.7226265733863375,18.434810163997216,68.37126,-4.995975363439172,18.34337167157821,72.71492
branch313,0.6854111266898941,41.33799225356513,73.23902,0.38349560014517,41.56892174561308,73.75492
branch314,0.6854111266898941,41.33799225356513,73.23902,2.13227187194708,41.005679885607336,73.75492
branch315,-3.6226149172280326,41.559251868827886,71.51929000000001,-3.245915398794344,42.37977374940797,72.41810000000001
branch316,-3.6226149172280326,41.559251868827886,71.51929000000001,-4.286255807924795,41.179740508753554,73.75492000000001
branch317,-18.621448963529662,21.22228202062878,71.12311999999999,-17.819768481968502,21.41979887033044,73.75491999999998
branch318,-18.621448963529662,21.22228202062878,71.12311999999999,-19.06355955629002,21.08518841130156,73.75491999999998
branch319,18.546512922204748,36.664227298162785,70.42699999999998,18.58932155331713,37.67654781033024,73.75495999999998
branch320,18.546512922204748,36.664227298162785,70.42699999999998,18.359874828666705,35.679919028447706,73.75495999999998
branch321,23.821544215837562,31.310604643137403,73.27496,23.346968821363724,31.03955273974709,73.75496
branch322,23.821544215837562,31.310604643137403,73.27496,23.8863780631816,31.26847438412583,73.75496
branch323,14.1453761948197,28.738149397321976,72.72439,13.748812882838928,29.19710318976703,73.57492
branch324,14.1453761948197,28.738149397321976,72.72439,14.656343647380998,28.086524260450165,73.27385
branch325,28.52246623253059,-10.895280489900129,67.94223999999998,27.024253533090217,-9.082237906738786,67.94223999999998
branch326,28.52246623253059,-10.895280489900129,67.94223999999998,29.412211037495403,-12.077825189069891,68.05006999999999
branch327,34.133157756476265,-16.158600576705354,67.28339999999999,29.81400493665127,-17.237065065790105,67.88966999999998
branch328,34.133157756476265,-16.158600576705354,67.28339999999999,41.5768596751359,-16.65405765376255,73.75491999999998
branch329,33.29231415654772,21.546143830378092,69.23491999999997,34.44959566799602,21.969453175463837,71.85097999999998
branch330,33.29231415654772,21.546143830378092,69.23491999999997,31.7461940541422,22.245840765495917,73.75491999999997
branch331,35.31794987920483,18.07183153071461,72.75361999999998,36.931865257520094,18.72160872966949,73.75491999999998
branch332,35.31794987920483,18.07183153071461,72.75361999999998,34.61733414912298,16.91373179840299,73.75491999999998
branch333,22.83173617414812,11.612737421656584,70.87891999999998,21.553275520793868,10.08470869797649,73.75491999999998
branch334,22.83173617414812,11.612737421656584,70.87891999999998,23.084605147104917,11.94036256468514,73.75491999999998
branch335,25.118293346896532,15.82540110471186,70.42491999999999,23.514129174556054,14.2682645065086,72.82001999999999
branch336,25.118293346896532,15.82540110471186,70.42491999999999,25.667593221446317,18.45532860492429,71.11066999999998
branch337,25.118293346896532,15.82540110471186,70.42491999999999,26.61340407810002,15.843304868514554,73.75491999999998
branch338,37.850909042631855,7.443619882436666,69.54649999999998,36.952741385507935,7.331266061821944,70.01347999999999
branch339,37.850909042631855,7.443619882436666,69.54649999999998,39.28776246782651,6.711326604590455,70.43750999999997
branch340,36.33869575549037,12.242883824605643,70.20008999999999,37.38197105986554,12.52169297242381,71.47076999999999
branch341,36.33869575549037,12.242883824605643,70.20008999999999,35.229220904329345,13.039133155194131,71.58505
branch342,13.230501536360933,-31.375284480274672,71.51227,16.51222768126691,-32.71530162001165,73.75492
branch343,13.230501536360933,-31.375284480274672,71.51227,11.08752235129004,-29.82899542140208,73.75492
branch344,8.13322954752541,-24.22563915462446,67.78482,7.754910091843306,-25.81657902152783,70.45492
branch345,8.13322954752541,-24.22563915462446,67.78482,7.659054031814016,-19.860867869752408,72.13595
branch346,12.092947459643964,-37.786387781376945,67.14192,11.693938767533554,-40.810959935429125,73.75492
branch347,12.092947459643964,-37.786387781376945,67.14192,11.52259888617337,-38.3235863722507,73.75492
branch348,12.092947459643964,-37.786387781376945,67.14192,13.48078648444424,-38.11084649942896,73.75492
branch349,12.092947459643964,-37.786387781376945,67.14192,13.502946184059503,-40.52632840022979,73.75492
branch350,5.394303116626012,-38.67335345753131,71.53916,3.007581881609895,-37.59227704970301,73.75492
branch351,5.394303116626012,-38.67335345753131,71.53916,5.03711970089338,-40.34906366647933,73.75492
branch352,16.68434110785459,-36.765676182691685,71.34491999999999,18.170745208398227,-37.75720495171269,73.75491999999998
branch353,16.68434110785459,-36.765676182691685,71.34491999999999,18.09905135217649,-35.41494257737058,73.75491999999998
branch354,9.757914664811961,-36.06931334084202,71.56491999999999,7.246661004152971,-37.356682657506425,71.98491999999999
branch355,9.757914664811961,-36.06931334084202,71.56491999999999,12.497877059519272,-34.51415339665637,73.09491999999999
branch356,-27.767431524557644,-7.678299326093375,71.78284,-27.74391806315382,-6.132464596765344,73.75488999999999
branch357,-27.767431524557644,-7.678299326093375,71.78284,-27.876444622104238,-7.57913162568789,73.75488999999999
branch358,-33.243267234699545,-4.083522379111747,60.793260000000004,-33.54414536617199,-4.00569007432887,73.75486000000001
branch359,-33.243267234699545,-4.083522379111747,60.793260000000004,-32.34774803646525,-2.053175846401245,73.75486000000001
branch360,-42.09528555952143,-4.205225322382293,65.8549,-40.91312961360706,-7.720335323153044,68.4549
branch361,-42.09528555952143,-4.205225322382293,65.8549,-43.19087046403711,-1.9293336266611627,70.3559
branch362,-43.1283058463039,1.6038315487139438,66.6409,-43.05994204140645,1.7235610532846253,73.7549
branch363,-43.1283058463039,1.6038315487139438,66.6409,-43.60496599284425,2.839607598379355,73.7549
branch364,-25.649679831800583,-36.59165321838178,72.10095999999999,-24.76547269915945,-37.34533802673713,73.75490999999998
branch365,-25.649679831800583,-36.59165321838178,72.10095999999999,-27.38955752704142,-35.57853403811696,73.75490999999998
branch366,-24.039709066147616,-33.5899148888722,70.83990999999999,-23.67398466824409,-33.968015871683136,72.24591
branch367,-24.039709066147616,-33.5899148888722,70.83990999999999,-23.85481194481901,-33.51041257297399,71.14397
branch368,-24.453883465933966,-35.73791281414128,70.70720999999999,-19.908950048938213,-38.366474932476784,71.61685999999999
branch369,-24.453883465933966,-35.73791281414128,70.70720999999999,-29.65852500796509,-32.61564387298439,73.75491
branch370,-17.24659961611436,39.70546256434254,70.79592000000001,-19.058658398177524,39.0080033614839,72.35607
branch371,-17.24659961611436,39.70546256434254,70.79592000000001,-15.190548696146363,40.86800319369949,73.75492000000001
branch372,-22.284577552273642,30.220156907088846,70.85032999999999,-22.000422849657273,30.60097036443192,70.85032999999999
branch373,-22.284577552273642,30.220156907088846,70.85032999999999,-23.52082023218122,29.77157988817316,73.75486999999998
branch374,-14.286224673252512,28.008342280543523,72.30526,-7.720464763782625,31.389711247120715,72.63586000000001
branch375,-14.286224673252512,28.008342280543523,72.30526,-6.700824836812696,33.31342751372395,73.75491000000001
branch376,-14.286224673252512,28.008342280543523,72.30526,-30.93677419835117,20.96608005315815,73.75491000000001
branch377,-4.995975363439172,18.34337167157821,72.71492,-4.642179329731835,16.9771288937483,73.75492000000001
branch378,-4.995975363439172,18.34337167157821,72.71492,-4.986445792172925,19.66389520319862,73.75492000000001
branch379,-3.245915398794344,42.37977374940797,72.41810000000001,-3.2119494749159387,42.58206048710485,73.59598000000001
branch380,-3.245915398794344,42.37977374940797,72.41810000000001,-3.100023044425505,42.5371762675769,73.75492000000001
branch381,13.748812882838928,29.19710318976703,73.57492,13.60348224028617,28.9098708386462,73.75492000000001
branch382,13.748812882838928,29.19710318976703,73.57492,13.695861869401298,29.713812437110388,73.75492000000001
branch383,14.656343647380998,28.086524260450165,73.27385,14.983932760390756,28.33522599586888,73.75492
branch384,14.656343647380998,28.086524260450165,73.27385,14.58423826065189,27.512009956595545,73.75492
branch385,27.024253533090217,-9.082237906738786,67.94223999999998,30.942149235590442,-10.07246050062616,71.38009999999998
branch386,27.024253533090217,-9.082237906738786,67.94223999999998,21.377777555244744,-6.937938372798895,73.75491999999998
branch387,29.412211037495403,-12.077825189069891,68.05006999999999,25.659774052265263,-2.7608775491935758,73.75492
branch388,29.412211037495403,-12.077825189069891,68.05006999999999,32.77005854766544,-20.00440118063885,72.35152
branch389,29.81400493665127,-17.237065065790105,67.88966999999998,31.791290286343717,-12.718380062483291,68.43161999999998
branch390,29.81400493665127,-17.237065065790105,67.88966999999998,26.109058459028823,-22.18713586473082,68.35826999999998
branch391,34.44959566799602,21.969453175463837,71.85097999999998,34.359871382694664,20.37244765505152,73.75491999999998
branch392,34.44959566799602,21.969453175463837,71.85097999999998,34.98428770081643,23.41638132982798,71.87810999999998
branch393,23.514129174556054,14.2682645065086,72.82001999999999,23.11308813147085,13.87898035695773,73.75491999999998
branch394,23.514129174556054,14.2682645065086,72.82001999999999,23.11308813147101,13.87898035695784,73.75491999999998
branch395,25.667593221446317,18.45532860492429,71.11066999999998,25.426137927690185,17.773591309463985,73.75491999999998
branch396,25.667593221446317,18.45532860492429,71.11066999999998,26.183698452477344,20.45202965049081,73.75491999999998
branch397,36.952741385507935,7.331266061821944,70.01347999999999,40.99753800092829,7.9411089351963,70.97627999999999
branch398,36.952741385507935,7.331266061821944,70.01347999999999,31.447661787670533,6.512785559796639,73.75491999999998
branch399,39.28776246782651,6.711326604590455,70.43750999999997,38.22973774075263,8.272938898230308,70.43750999999997
branch400,39.28776246782651,6.711326604590455,70.43750999999997,41.3287200892662,4.39316459861753,73.75491999999997
branch401,37.38197105986554,12.52169297242381,71.47076999999999,36.99329127017687,10.884861529750893,71.70611999999998
branch402,37.38197105986554,12.52169297242381,71.47076999999999,38.38945844916395,14.70713684967404,73.75491999999998
branch403,35.229220904329345,13.039133155194131,71.58505,36.76278583507727,12.681523819561408,72.06343
branch404,35.229220904329345,13.039133155194131,71.58505,32.757527315313936,13.88426949002928,73.75492
branch405,11.08752235129004,-29.82899542140208,73.75492,16.00626068102558,-35.73171489450127,73.75492
branch406,11.08752235129004,-29.82899542140208,73.75492,5.09729442901905,-23.15313141886659,73.75492
branch407,7.754910091843306,-25.81657902152783,70.45492,7.666024084564786,-25.97507187956347,70.99492000000001
branch408,7.754910091843306,-25.81657902152783,70.45492,7.692468316848985,-26.294462110253537,71.2107
branch409,7.659054031814016,-19.860867869752408,72.13595,8.255014040466005,-19.30141422617398,73.75492
branch410,7.659054031814016,-19.860867869752408,72.13595,6.826006265306329,-18.23793587089481,73.75492
branch411,7.246661004152971,-37.356682657506425,71.98491999999999,7.265770795460755,-38.1597681999679,73.75491999999998
branch412,7.246661004152971,-37.356682657506425,71.98491999999999,5.97192438251569,-37.19728177337715,73.75491999999998
branch413,12.497877059519272,-34.51415339665637,73.09491999999999,13.02962370666522,-34.74189841302398,73.75491999999998
branch414,12.497877059519272,-34.51415339665637,73.09491999999999,13.336111609726975,-33.50882840819591,73.75491999999998
branch415,-40.91312961360706,-7.720335323153044,68.4549,-41.189145477622624,-6.856901814183178,68.5441
branch416,-40.91312961360706,-7.720335323153044,68.4549,-39.977031810630415,-10.55718220975075,73.75489999999999
branch417,-43.19087046403711,-1.9293336266611627,70.3559,-42.73877260679858,-1.7906541367877526,73.12666
branch418,-43.19087046403711,-1.9293336266611627,70.3559,-44.30378523784313,-0.96473714114236,73.7549
branch419,-23.67398466824409,-33.968015871683136,72.24591,-23.819728968076724,-33.38352778475373,72.49291
branch420,-23.67398466824409,-33.968015871683136,72.24591,-23.30894209450154,-34.88767647175035,73.75491
branch421,-23.85481194481901,-33.51041257297399,71.14397,-23.969904013097548,-33.83188796956927,72.00945999999999
branch422,-23.85481194481901,-33.51041257297399,71.14397,-23.618498298806536,-33.0688171692808,73.75491
branch423,-19.908950048938213,-38.366474932476784,71.61685999999999,-19.2532075110675,-38.31698480316816,73.75491
branch424,-19.908950048938213,-38.366474932476784,71.61685999999999,-18.29222587831104,-39.73024612095317,73.75491
branch425,-19.058658398177524,39.0080033614839,72.35607,-19.115902581876785,38.51302206983088,73.75492
branch426,-19.058658398177524,39.0080033614839,72.35607,-19.907443605509844,39.1542550517076,73.75492
branch427,-22.000422849657273,30.60097036443192,70.85032999999999,-21.56709255102777,30.58209917026578,73.75486999999998
branch428,-22.000422849657273,30.60097036443192,70.85032999999999,-22.291675796978595,30.810248287269587,73.75486999999998
branch429,-7.720464763782625,31.389711247120715,72.63586000000001,-5.8297877630371095,32.540853578085375,72.99891000000001
branch430,-7.720464763782625,31.389711247120715,72.63586000000001,-6.800931059979575,31.64146781670348,73.75491000000001
branch431,-3.2119494749159387,42.58206048710485,73.59598000000001,-3.06773421804626,42.85826675541921,73.75492000000001
branch432,-3.2119494749159387,42.58206048710485,73.59598000000001,-3.339181769846415,42.40699758763893,73.75492000000001
branch433,30.942149235590442,-10.07246050062616,71.38009999999998,32.434302541535686,-7.611106962899765,73.75491999999998
branch434,30.942149235590442,-10.07246050062616,71.38009999999998,31.638282343547417,-11.678773797942181,71.38009999999998
branch435,30.942149235590442,-10.07246050062616,71.38009999999998,30.49225915700936,-5.90276480550888,73.75491999999998
branch436,30.942149235590442,-10.07246050062616,71.38009999999998,32.94761532578027,-15.685840705712176,73.75491999999998
branch437,32.77005854766544,-20.00440118063885,72.35152,33.23966788313287,-17.66345707318957,73.75492
branch438,32.77005854766544,-20.00440118063885,72.35152,33.861970633416185,-26.89386931073492,73.75492
branch439,31.791290286343717,-12.718380062483291,68.43161999999998,33.09159075416964,-19.625713775757298,68.43649999999998
branch440,31.791290286343717,-12.718380062483291,68.43161999999998,31.28190395839478,-4.003572347886559,71.25491999999998
branch441,26.109058459028823,-22.18713586473082,68.35826999999998,24.931614566185686,-15.316428394035299,70.33785999999998
branch442,26.109058459028823,-22.18713586473082,68.35826999999998,25.728390086271517,-33.25055560257057,73.75491999999997
branch443,34.98428770081643,23.41638132982798,71.87810999999998,35.590792225247235,23.876850819295125,72.60379999999998
branch444,34.98428770081643,23.41638132982798,71.87810999999998,34.591659989513786,23.534683102106495,71.87810999999998
branch445,40.99753800092829,7.9411089351963,70.97627999999999,41.81931152707912,8.77104158153296,70.97627999999999
branch446,40.99753800092829,7.9411089351963,70.97627999999999,41.99271940094992,7.20861456396265,73.75491999999998
branch447,38.22973774075263,8.272938898230308,70.43750999999997,38.31624271895429,8.001420270607309,71.41504999999998
branch448,38.22973774075263,8.272938898230308,70.43750999999997,37.59259415446362,9.393143329578985,73.75491999999997
branch449,36.99329127017687,10.884861529750893,71.70611999999998,40.05956449796958,13.53235058571707,73.75491999999998
branch450,36.99329127017687,10.884861529750893,71.70611999999998,33.73267814753982,7.418956752448255,73.75491999999998
branch451,36.76278583507727,12.681523819561408,72.06343,34.878249302848005,9.16862013849349,73.75492
branch452,36.76278583507727,12.681523819561408,72.06343,39.41410483268049,16.015622832812966,73.75492
branch453,7.666024084564786,-25.97507187956347,70.99492000000001,8.402536935103988,-29.046902845335342,72.17437000000001
branch454,7.666024084564786,-25.97507187956347,70.99492000000001,6.893956831114174,-22.966638057005852,72.50621000000001
branch455,7.692468316848985,-26.294462110253537,71.2107,5.479896437637063,-27.229077088654634,72.81715
branch456,7.692468316848985,-26.294462110253537,71.2107,10.426962278366725,-25.365134931615017,73.75492
branch457,-41.189145477622624,-6.856901814183178,68.5441,-41.97812139972696,-8.938427029758309,68.86388
branch458,-41.189145477622624,-6.856901814183178,68.5441,-40.5105759011245,-4.430003195020102,68.5441
branch459,-42.73877260679858,-1.7906541367877526,73.12666,-42.60670749067073,-1.35141227978956,73.7549
branch460,-42.73877260679858,-1.7906541367877526,73.12666,-42.644788794307146,-2.16055624884924,73.7549
branch461,-23.819728968076724,-33.38352778475373,72.49291,-22.22034198466001,-33.589621770894865,73.75491
branch462,-23.819728968076724,-33.38352778475373,72.49291,-25.491988101409746,-32.88518975514789,73.75491
branch463,-23.969904013097548,-33.83188796956927,72.00945999999999,-24.3788557615278,-34.75569646815529,73.75491
branch464,-23.969904013097548,-33.83188796956927,72.00945999999999,-23.61849829880656,-33.068817169280884,73.75491
branch465,-5.8297877630371095,32.540853578085375,72.99891000000001,-5.021994386216646,32.94046719178701,73.75491000000001
branch466,-5.8297877630371095,32.540853578085375,72.99891000000001,-5.692242639484816,32.716811129866066,73.75491000000001
branch467,31.638282343547417,-11.678773797942181,71.38009999999998,31.902711506710894,-10.32460537058736,71.86312999999998
branch468,31.638282343547417,-11.678773797942181,71.38009999999998,31.65581244357156,-14.17464098079372,73.75491999999998
branch469,33.23966788313287,-17.66345707318957,73.75492,30.860422426919072,-31.046328085958372,73.75492
branch470,33.23966788313287,-17.66345707318957,73.75492,38.86017968002931,-7.97996290137738,73.75492
branch471,33.23966788313287,-17.66345707318957,73.75492,21.88176771581082,-14.197594523631029,73.75492
branch472,33.23966788313287,-17.66345707318957,73.75492,22.879745426111075,-12.319864038241631,73.75492
branch473,33.23966788313287,-17.66345707318957,73.75492,38.88233439127802,-17.64688179305772,73.75492
branch474,33.23966788313287,-17.66345707318957,73.75492,41.39538967651172,-7.84943974673428,73.75492
branch475,33.23966788313287,-17.66345707318957,73.75492,31.42911792938567,-27.84183907493886,73.75492
branch476,33.23966788313287,-17.66345707318957,73.75492,22.53474557027277,-10.616850509641974,73.75492
branch477,33.23966788313287,-17.66345707318957,73.75492,25.41934976589795,-17.642467318454745,73.75492
branch478,33.23966788313287,-17.66345707318957,73.75492,29.39806921861769,-29.33891977435924,73.75492
branch479,33.23966788313287,-17.66345707318957,73.75492,40.03013859450007,-9.46089920346699,73.75492
branch480,33.23966788313287,-17.66345707318957,73.75492,23.79755333026105,-18.08505036858312,73.75492
branch481,33.23966788313287,-17.66345707318957,73.75492,41.38269533152231,-12.42737641080713,73.75492
branch482,33.23966788313287,-17.66345707318957,73.75492,27.955680012190363,-30.57637672774104,73.75492
branch483,33.23966788313287,-17.66345707318957,73.75492,39.50386486435752,-13.778199516686984,73.75492
branch484,33.23966788313287,-17.66345707318957,73.75492,40.786123000646064,-10.02641657908081,73.75492
branch485,33.23966788313287,-17.66345707318957,73.75492,33.78565513001513,-27.14190247316114,73.75492
branch486,33.23966788313287,-17.66345707318957,73.75492,37.17950229999794,-16.468204467993974,73.75492
branch487,33.23966788313287,-17.66345707318957,73.75492,38.53065033029585,-12.847162665854764,73.75492
branch488,33.23966788313287,-17.66345707318957,73.75492,33.722339695172806,-24.76364699036108,73.75492
branch489,33.23966788313287,-17.66345707318957,73.75492,40.02278247666097,-10.111833166955437,73.75492
branch490,33.23966788313287,-17.66345707318957,73.75492,30.01411117365328,-26.530843703098387,73.75492
branch491,33.23966788313287,-17.66345707318957,73.75492,38.92990953437776,-15.042798513433503,73.75492
branch492,33.23966788313287,-17.66345707318957,73.75492,23.489259525266714,-14.028246486550469,73.75492
branch493,33.23966788313287,-17.66345707318957,73.75492,41.25536832524098,-9.186421118010957,73.75492
branch494,33.09159075416964,-19.625713775757298,68.43649999999998,29.780351981063756,-25.853178749221858,70.17500999999999
branch495,33.09159075416964,-19.625713775757298,68.43649999999998,36.92294971440589,-16.161182287602344,71.41806999999999
branch496,31.28190395839478,-4.003572347886559,71.25491999999998,20.979431182397004,-0.0526197108676749,73.75491999999998
branch497,31.28190395839478,-4.003572347886559,71.25491999999998,41.32968357041808,-3.597121127607075,73.75491999999998
branch498,24.931614566185686,-15.316428394035299,70.33785999999998,24.903813586346757,-10.29307936009362,73.75491999999998
branch499,24.931614566185686,-15.316428394035299,70.33785999999998,24.37069359960304,-16.90442369262922,73.75491999999998
branch500,35.590792225247235,23.876850819295125,72.60379999999998,35.3240701715088,24.399284858986555,73.75491999999998
branch501,35.590792225247235,23.876850819295125,72.60379999999998,36.160766541201056,23.584651524337268,73.75491999999998
branch502,34.591659989513786,23.534683102106495,71.87810999999998,34.77125391067827,22.78519007693706,72.47769999999998
branch503,34.591659989513786,23.534683102106495,71.87810999999998,34.25501498382825,24.331496836187338,73.03491999999997
branch504,41.81931152707912,8.77104158153296,70.97627999999999,42.55250352655642,7.35506120316121,71.35531999999999
branch505,41.81931152707912,8.77104158153296,70.97627999999999,41.31370829080792,10.95598337766598,73.75491999999998
branch506,38.31624271895429,8.001420270607309,71.41504999999998,37.77972104257717,8.205301350872086,72.42895999999998
branch507,38.31624271895429,8.001420270607309,71.41504999999998,39.030147303526526,7.61080960646484,73.75491999999998
branch508,8.402536935103988,-29.046902845335342,72.17437000000001,7.547295757874744,-30.40640680435224,72.35212000000001
branch509,8.402536935103988,-29.046902845335342,72.17437000000001,9.839844831910144,-28.88343837945016,73.75492000000001
branch510,6.893956831114174,-22.966638057005852,72.50621000000001,6.409509008394384,-22.875339862844633,72.80676000000001
branch511,6.893956831114174,-22.966638057005852,72.50621000000001,7.113482982788605,-21.57654388842856,73.75492000000001
branch512,5.479896437637063,-27.229077088654634,72.81715,5.667063890725144,-27.771467879959303,72.81715
branch513,5.479896437637063,-27.229077088654634,72.81715,4.139651181671001,-27.01839608872435,73.75492
branch514,-41.97812139972696,-8.938427029758309,68.86388,-42.45456161061216,-8.97833747703554,69.13789999999999
branch515,-41.97812139972696,-8.938427029758309,68.86388,-41.77705909717263,-9.929301578449332,73.75489999999999
branch516,-40.5105759011245,-4.430003195020102,68.5441,-39.74280739530387,-2.66836950704751,73.7549
branch517,-40.5105759011245,-4.430003195020102,68.5441,-40.939059618696064,-4.978187573411155,73.7549
branch518,31.902711506710894,-10.32460537058736,71.86312999999998,31.753451818515614,-10.642762577382904,72.18779999999998
branch519,31.902711506710894,-10.32460537058736,71.86312999999998,32.22150069853672,-9.249824648415515,73.75491999999998
branch520,29.780351981063756,-25.853178749221858,70.17500999999999,29.561261309054284,-26.6341785232867,70.17500999999999
branch521,29.780351981063756,-25.853178749221858,70.17500999999999,28.398595934522653,-27.99066151837309,73.75491999999998
branch522,36.92294971440589,-16.161182287602344,71.41806999999999,37.31781030245806,-18.185861451239315,73.75491999999998
branch523,36.92294971440589,-16.161182287602344,71.41806999999999,38.44376860647184,-12.404237379887896,73.75491999999998
branch524,34.77125391067827,22.78519007693706,72.47769999999998,35.270652568410874,22.08205613985808,73.75491999999998
branch525,34.77125391067827,22.78519007693706,72.47769999999998,34.36165221352792,23.11357750143132,73.75491999999998
branch526,34.25501498382825,24.331496836187338,73.03491999999997,34.13052987957212,24.950478831293523,73.75491999999997
branch527,34.25501498382825,24.331496836187338,73.03491999999997,34.21117758524159,24.11092170812157,73.75491999999997
branch528,42.55250352655642,7.35506120316121,71.35531999999999,42.81455188499333,4.711820261847296,72.60920999999999
branch529,42.55250352655642,7.35506120316121,71.35531999999999,42.591539078248935,9.951122190617726,73.75492
branch530,37.77972104257717,8.205301350872086,72.42895999999998,37.27182507069946,11.19234660686519,73.75491999999997
branch531,37.77972104257717,8.205301350872086,72.42895999999998,37.97142914952849,5.897217578183514,73.52324999999998
branch532,7.547295757874744,-30.40640680435224,72.35212000000001,6.24935001372796,-31.56988347483355,73.75492000000001
branch533,7.547295757874744,-30.40640680435224,72.35212000000001,8.417620913406905,-29.922682113379377,73.75492000000001
branch534,6.409509008394384,-22.875339862844633,72.80676000000001,7.967094860766186,-23.68018278206336,73.75492000000001
branch535,6.409509008394384,-22.875339862844633,72.80676000000001,4.609699244662685,-22.0248478465453,73.75492000000001
branch536,5.667063890725144,-27.771467879959303,72.81715,6.712422512804384,-27.268758960262723,73.29617
branch537,5.667063890725144,-27.771467879959303,72.81715,4.453949339670135,-28.67104942523236,73.75492
branch538,-42.45456161061216,-8.97833747703554,69.13789999999999,-42.493550001240294,-9.181934084786295,69.91859999999998
branch539,-42.45456161061216,-8.97833747703554,69.13789999999999,-42.6061493043381,-8.790705048195676,69.5259
branch540,31.753451818515614,-10.642762577382904,72.18779999999998,31.613856605662143,-11.4178141653631,73.75491999999998
branch541,31.753451818515614,-10.642762577382904,72.18779999999998,31.81841718727144,-10.026789592800483,73.75491999999998
branch542,29.561261309054284,-26.6341785232867,70.17500999999999,27.385558200772607,-29.38529197188596,73.75491999999998
branch543,29.561261309054284,-26.6341785232867,70.17500999999999,31.214187526875833,-24.745687674033224,71.27150999999999
branch544,42.81455188499333,4.711820261847296,72.60920999999999,42.72194356104528,4.77044498060188,73.75491999999998
branch545,42.81455188499333,4.711820261847296,72.60920999999999,43.03818438815982,3.331575072435755,73.75491999999998
branch546,37.97142914952849,5.897217578183514,73.52324999999998,38.30505741834322,4.02390051090772,73.75491999999997
branch547,37.97142914952849,5.897217578183514,73.52324999999998,37.7336549341894,6.61649275911502,73.75491999999997
branch548,6.712422512804384,-27.268758960262723,73.29617,7.463330129850521,-26.55962290696171,73.75492
branch549,6.712422512804384,-27.268758960262723,73.29617,6.484194206797865,-27.72654055371544,73.75492
branch550,-42.493550001240294,-9.181934084786295,69.91859999999998,-42.67372844279494,-7.927732915625457,70.76889999999999
branch551,-42.493550001240294,-9.181934084786295,69.91859999999998,-42.28782114461104,-10.85148385011272,73.75489999999998
branch552,-42.6061493043381,-8.790705048195676,69.5259,-43.00450943521998,-9.002968983378697,70.84286999999999
branch553,-42.6061493043381,-8.790705048195676,69.5259,-42.18399298759872,-8.43155891479697,73.75489999999999
branch554,31.214187526875833,-24.745687674033224,71.27150999999999,33.07706263698956,-23.70650225077225,73.39688999999998
branch555,31.214187526875833,-24.745687674033224,71.27150999999999,30.01248290389073,-25.02947675759281,73.16201
branch556,-42.67372844279494,-7.927732915625457,70.76889999999999,-42.32344128119631,-7.2665019569090825,71.73991999999998
branch557,-42.67372844279494,-7.927732915625457,70.76889999999999,-43.20167661557054,-8.127171029440506,73.75489999999999
branch558,-43.00450943521998,-9.002968983378697,70.84286999999999,-42.17194826686539,-12.182286335901486,72.49789999999999
branch559,-43.00450943521998,-9.002968983378697,70.84286999999999,-43.996414655927325,-5.908557204929115,72.49439999999998
branch560,33.07706263698956,-23.70650225077225,73.39688999999998,34.434443895682335,-23.566796098446964,73.75491999999998
branch561,33.07706263698956,-23.70650225077225,73.39688999999998,32.65111893335365,-23.32661569146704,73.75491999999998
branch562,30.01248290389073,-25.02947675759281,73.16201,30.01116614173411,-25.349099484165038,73.75492
branch563,30.01248290389073,-25.02947675759281,73.16201,29.532854464421984,-24.887294209758856,73.28021
branch564,-42.32344128119631,-7.2665019569090825,71.73991999999998,-43.10667098271276,-6.774778556170941,73.75489999999998
branch565,-42.32344128119631,-7.2665019569090825,71.73991999999998,-41.36506799888054,-7.427609878289035,73.75489999999998
branch566,-42.17194826686539,-12.182286335901486,72.49789999999999,-41.414946355092766,-12.832745568997108,73.75489999999999
branch567,-42.17194826686539,-12.182286335901486,72.49789999999999,-42.512669594460725,-13.121485779067257,73.75489999999999
branch568,-43.996414655927325,-5.908557204929115,72.49439999999998,-44.33576251812856,-5.82742462191238,73.75489999999998
branch569,-43.996414655927325,-5.908557204929115,72.49439999999998,-44.15301940407976,-4.442483898721055,73.75489999999998
branch570,29.532854464421984,-24.887294209758856,73.28021,29.04702227582478,-25.68790914698334,73.75492
branch571,29.532854464421984,-24.887294209758856,73.28021,29.77887243328481,-24.015587998617395,73.75492
